access	10
accessible	1
active	2
advise	1
after	16
agreed	1
alice	103
almost	3
among	9
animal	1
answer	2
apply	1
arm	7
asked	3
been	10
begged	1
best	4
better	3
between	1
boxed	1
bread	3
bring	1
bristling	1
card	1
caught	2
charities	1
check	2
come	8
computers	1
containing	1
curving	1
decided	1
delighted	2
disclaim	1
discovered	1
distribution	6
down	44
draw	1
dried	1
effort	1
electronically	1
email	3
enough	2
entangled	2
even	6
evidently	1
exactly	2
exclusion	1
fallen	3
fast	1
feet	7
fight	1
flinging	1
flown	1
foot	6
found	21
frog	1
gallons	1
game	2
get	19
girl	1
gloves	4
goes	2
got	16
guessed	2
hanging	1
happen	1
have	23
here	7
hurry	2
identification	1
is	52
jurymen	2
kings	1
learn	1
lest	1
letter	2
locks	1
lost	1
matters	1
me	20
melancholy	1
moment	10
moving	1
my	18
myself	1
necessarily	1
network	1
new	5
now	13
nursing	1
offer	1
often	1
only	14
own	2
painting	2
party	5
past	1
pay	1
peeping	1
pocket	1
presently	1
prisoner	1
produce	1
proved	1
pulled	1
quarrel	1
quarreling	1
rapped	1
rather	10
raven	1
real	1
rearing	1
receiving	1
redistribute	1
remain	1
removed	1
repeated	1
robinson	1
rush	1
scolded	1
second	4
sending	1
several	3
she	232
short	1
shouted	4
shriek	1
since	3
sister	2
smoking	1
sneezed	1
solicitation	1
somehow	1
standing	1
staring	1
statements	1
status	4
subscribe	1
suddenly	10
swam	3
table	7
their	10
them	13
themselves	2
thinking	4
thirty	1
this	82
thousand	1
throne	1
tipped	1
trial	3
twice	1
unless	4
upon	17
using	4
warranty	1
we	14
whose	1
widest	2
will	14
worse	1
abide	1
afraid	4
also	2
ascii	1
august	1
back	13
based	2
beheading	1
blows	1
broke	1
burning	1
but	38
care	3
chief	1
clinging	1
comfits	1
considering	1
copyright	13
cost	2
creature	2
credit	1
damaged	1
deletions	1
distribute	6
do	36
donate	1
doors	2
double	1
dream	1
each	4
educational	1
efforts	2
encourage	1
end	6
ensuring	1
escape	1
everybody	1
files	2
fly	1
footsteps	2
forgetting	1
furious	1
garden	4
gardeners	2
great	19
grinned	1
ground	3
guard	1
guess	1
had	64
half	10
hand	9
harmless	1
hart	1
hedgehog	1
hoping	1
hot	2
hurt	2
immediate	3
imposed	1
incidental	1
invalidity	1
invitation	2
it	136
jumped	2
keep	3
lamps	1
license	11
lieu	2
like	32
liked	1
listen	1
loudly	1
main	1
mary	3
mercia	1
most	5
murder	1
narrow	1
natural	1
no	31
non	1
nothing	9
o	1
offended	4
offers	1
on	67
once	8
online	6
opened	6
ought	5
owed	1
panting	1
paperwork	1
pebbles	2
people	7
performances	1
pictures	3
pleasing	1
posted	5
poured	1
procession	2
promotion	1
property	2
provided	4
pulling	1
race	2
ran	9
redistributing	2
require	1
restrictions	2
rose	1
royal	1
run	1
sadly	1
save	2
saw	4
scroll	1
seeing	1
seems	2
sends	1
severely	1
share	1
should	12
shrinking	4
side	8
smallest	1
solicit	2
sons	2
sorrowful	1
sorts	1
stamping	2
started	2
startled	1
stole	2
stool	1
strict	1
succeeded	2
summer	1
take	10
taken	1
the	793
then	26
thick	1
though	1
through	10
time	14
try	3
upsetting	1
ventured	2
volunteers	6
was	160
which	25
william	2
wink	1
witness	3
wonder	4
wood	1
work	38
written	4
accept	1
again	7
agony	1
anxiously	5
are	32
arise	1
as	95
asleep	1
assistance	1
associated	7
awhile	1
beat	1
beautifully	2
beg	2
birds	6
busily	1
business	2
calculate	1
call	1
cat	6
change	2
choke	1
clearly	1
complained	1
concept	2
contact	4
contain	2
country	2
crawled	1
created	2
curious	6
curtain	1
cut	1
dare	1
dear	2
destroy	2
director	1
dodo	4
done	2
dreadfully	2
ear	1
est	1
expend	1
expense	1
extent	1
feel	2
fetch	1
few	4
filled	1
finds	1
first	12
flowers	2
fright	1
going	11
hardly	3
head	8
hearing	2
hookah	3
hurrying	1
immediately	1
inches	5
indicating	1
instead	1
intellectual	2
into	39
knelt	1
knocking	1
late	3
literary	13
little	57
live	2
locations	1
long	12
means	5
merely	1
mission	4
mistake	1
money	3
mushroom	5
near	11
nibbled	2
noise	3
nowhere	1
one	32
opening	2
our	11
outdated	1
particularly	1
permitted	2
picked	2
please	7
pool	6
practically	1
prevent	1
principal	1
proper	1
providing	4
punitive	1
purpose	1
queen	15
quiet	1
quite	19
rats	1
read	7
refund	7
remarkable	2
remove	1
requirements	2
right	10
ring	1
round	1
royalties	1
sad	1
same	11
scratching	1
seldom	1
sense	1
sent	1
set	17
shall	5
sharp	3
shower	2
shrill	1
shut	3
signed	2
solemn	2
something	8
speak	2
still	4
survive	1
swallowed	1
swamp	1
tale	2
taller	1
they	39
think	14
throwing	1
tidy	1
tied	1
tiny	3
toffy	1
transcription	1
treatment	1
tree	3
trembling	4
tumbling	1
under	16
uniform	1
untwist	1
us	4
usurpation	1
vanished	1
variety	1
want	3
ways	1
weary	1
window	2
wonderful	1
wonderland	5
world	3
writing	3
accepted	1
accordance	2
against	6
all	70
allow	1
another	9
anywhere	2
appear	1
appearing	1
archbishop	2
array	1
at	93
atom	1
beautiful	2
bough	1
breach	2
caldron	2
called	10
cannot	5
carrying	2
cease	1
changes	1
chimney	2
commotion	1
company	3
compliance	4
confirmation	1
confirmed	1
confused	1
consider	1
convert	1
copies	7
copy	8
crowd	3
crown	2
curls	1
custody	1
darkness	1
days	4
deductible	1
depends	1
derived	1
determine	1
digging	2
donations	14
duck	1
ebooks	3
everything	3
evidence	3
executed	1
eye	1
far	4
flat	1
following	3
fond	1
frighten	1
front	2
fur	2
golden	6
growing	6
height	3
held	2
herself	20
hold	2
hopeless	1
hunting	1
hurried	5
idea	6
impossible	1
indirectly	1
invited	1
joined	1
kills	1
knave	5
lake	1
large	21
longed	1
magic	1
maps	1
march	8
matter	1
meant	2
mentioned	1
middle	1
mile	2
mississippi	1
mouse	16
neither	2
newsletter	1
of	313
opportunities	1
original	1
page	2
pairs	1
payments	3
periodic	1
person	5
phrase	4
picking	1
pieces	1
plainly	1
prepare	1
processing	1
prominently	2
provide	6
rattling	1
ready	1
received	5
release	1
reported	1
roast	1
saucer	1
say	7
scattered	1
sea	1
section	7
settled	3
sight	1
size	6
slightest	1
smoke	1
softly	1
sound	2
special	1
stalk	1
stockings	1
stood	5
stopped	2
stupidest	1
sudden	3
support	3
surprised	4
swallow	1
tax	6
team	2
tears	3
tell	9
that	93
things	4
twelve	1
unpleasant	1
use	14
used	3
ut	1
vanilla	2
violates	1
wanted	1
whole	6
whom	1
wish	9
wondering	1
york	2
your	29
addition	1
address	1
alternate	1
anything	6
ate	1
attached	1
away	12
baby	3
barrowful	2
beds	1
believe	3
blue	1
brushing	1
butter	2
calling	1
carried	1
chanced	1
choked	1
clapping	1
close	6
collection	3
commercial	1
condemn	1
confusion	2
constant	2
conversations	1
corporation	1
cross	1
cry	3
crying	1
date	2
deep	1
despite	1
dish	2
dive	1
dog	1
domain	8
dormouse	4
draggled	1
drew	2
dropped	4
easy	2
eat	6
employee	1
engraved	1
equipment	1
ever	4
exclaimed	1
executive	1
exists	1
express	1
fact	1
family	1
farther	1
fear	1
fee	8
finished	2
forgotten	2
four	1
frightened	3
frowning	1
further	1
go	16
goals	1
grand	1
handed	2
harm	1
hastily	4
heap	1
helpless	1
hers	2
his	17
history	1
how	13
hung	1
included	2
information	6
just	24
largest	1
law	1
length	1
located	4
lory	1
make	11
master	1
mind	4
minding	1
miss	1
morning	1
neat	1
never	9
nonproprietary	1
notice	7
noticed	5
open	4
out	45
over	11
paid	6
paragraph	11
passage	2
patted	1
pepper	2
pigeon	3
pink	1
plate	1
prosecute	1
quarrelling	1
receipt	2
relieved	1
remark	1
return	3
rising	1
row	1
royalty	3
rumbling	1
sections	1
sharing	1
shifting	1
slowly	3
sometimes	3
sooner	1
stop	1
straight	1
strange	2
synonymous	1
talking	5
tea	3
teacup	3
telescope	1
thank	1
threw	1
tunnel	1
uneasily	1
usual	1
velvet	1
version	1
very	39
voice	8
void	1
walked	6
wandered	1
waving	2
when	37
whenever	1
who	18
why	3
wind	1
with	113
word	1
worth	1
wriggling	1
yesterday	1
zigzag	1
above	1
across	5
actually	1
additional	4
additions	1
afore	1
alternately	1
anger	1
angry	3
animals	4
arms	4
authority	1
available	1
beginning	4
belong	1
breathe	1
broken	3
buttered	1
carroll	3
carry	1
certainly	3
changing	1
character	1
choose	1
comes	1
continued	1
contributions	2
copying	2
could	23
creation	1
critical	1
croquet	4
cupboards	2
current	1
derivative	3
did	11
discover	1
distance	2
distributed	5
donors	1
dozing	1
driest	1
dry	6
duchess	10
earls	1
edgar	1
edge	2
editions	3
edwin	1
effect	1
either	6
elect	1
else	2
employees	2
especially	1
every	3
fall	4
fanning	1
fifteen	1
finish	1
flashed	1
full	17
generations	1
gone	4
good	8
gratefully	1
gregory	1
gutenberg	24
happened	1
hard	5
he	23
help	4
hit	2
home	1
hundreds	1
i	89
in	222
including	8
indemnity	1
insult	1
internal	1
irma	2
king	10
labeled	1
leave	4
let	2
licensed	1
linked	2
links	3
lot	1
loveliest	1
maintaining	1
making	3
medium	3
melan	1
method	1
michael	2
minutes	3
mixed	1
more	15
nearly	2
nibbling	2
nice	2
nobody	2
nor	2
north	1
obtaining	2
off	14
oh	1
or	109
ornamented	2
others	2
owner	3
owns	2
pack	4
paragraphs	3
particular	3
permission	6
pg	1
pleasure	1
pop	1
professor	1
project	82
promised	1
protect	2
put	9
raising	1
reach	3
receive	3
remained	2
remember	3
rise	1
room	3
rules	3
running	4
safe	1
savage	1
saying	1
sentence	5
seven	1
shared	1
shore	1
silence	4
snatch	2
soothing	1
soup	1
state	6
stoop	1
submitted	1
such	17
swallowing	1
taste	2
terms	21
timid	2
tiptoe	1
told	1
took	13
transcribe	1
trembled	1
trouble	3
trumpet	2
turning	6
types	1
unlocked	1
unsolicited	1
waiting	3
wander	1
wasting	2
watch	2
watching	1
were	30
whispers	1
white	21
wide	2
wore	1
would	12
write	1
accepting	1
adoption	1
advice	1
affectionately	2
agree	9
agreement	9
air	1
am	4
anyone	5
approach	1
assembled	2
balls	1
beating	1
blew	2
blow	1
bottle	6
bound	2
bright	4
brightened	1
bringing	1
came	25
can	16
cares	1
certain	4
child	1
chorus	2
codes	1
comply	6
complying	3
concerning	2
contract	1
costs	2
damages	2
deal	5
dipped	1
directly	1
disclaimers	1
displaying	2
donation	1
door	15
drink	3
eager	1
ein	1
english	1
familiarly	1
field	1
file	2
five	1
flavor	1
floor	1
footman	2
form	1
french	2
from	31
gabriel	2
grinning	1
hands	4
hare	3
has	5
hatching	1
hear	7
heard	17
high	4
highest	1
hour	2
its	27
jumping	2
kept	6
kitchen	1
last	14
lay	2
leading	1
leaning	1
leaves	2
likely	1
limited	5
loose	1
loud	1
ma	1
mad	4
mallets	1
measure	1
merchantibility	1
met	3
miserable	1
mostly	1
nine	3
numerous	1
office	2
oneself	1
other	23
paper	4
parchment	1
persons	1
players	2
pleasant	1
pointing	1
preserve	1
pressed	2
printed	3
profit	1
proofreading	2
prove	1
queer	1
question	5
readable	2
reading	2
reasonable	1
regulating	1
remaining	1
remedies	1
replacement	5
roses	1
salt	1
saves	1
search	2
seated	1
seem	3
send	1
shedding	1
shoes	1
sides	2
sitting	6
sneeze	1
so	35
soldier	1
some	19
somebody	1
sort	4
specified	2
splendidly	1
spoke	2
states	8
stirring	1
takes	1
there	26
three	8
times	2
timidly	1
tired	4
together	1
tried	8
tucked	3
two	9
until	2
violently	2
volunteer	1
walks	1
watched	1
well	14
went	21
wet	1
what	22
whatever	1
works	22
yer	2
a	325
agent	1
alas	1
alone	1
an	22
and	379
ann	1
applicable	3
around	1
become	1
begin	1
being	2
below	1
blades	1
blasts	2
book	2
brought	1
caterpillar	6
cats	2
caused	2
charitable	1
closely	1
compilation	1
corner	1
corrupt	1
court	3
creating	4
creep	1
crimson	1
crouched	1
defect	3
derive	1
disk	1
does	2
drop	1
ears	1
elbow	1
engaged	1
entity	3
except	4
exempt	2
felt	7
financial	1
find	12
finding	2
fix	1
fluttered	1
flying	1
follow	1
for	70
format	4
forth	8
fumbled	1
gently	1
give	7
given	1
gordon	1
graceful	1
grew	1
grins	1
group	1
grow	8
grown	1
hall	2
heads	2
if	41
increasing	1
indicate	1
individual	4
jar	1
kettle	1
kneel	1
knew	2
know	13
known	1
lap	1
least	3
left	6
legal	2
legs	2
liability	1
lives	1
lonely	1
look	4
looking	11
luckily	1
lying	4
machine	1
made	11
majesty	1
many	5
may	18
mean	4
meaning	3
meet	3
meeting	1
might	6
mouth	2
must	20
muttering	2
name	7
named	1
neck	4
needs	1
next	12
not	52
notifies	1
number	4
nurse	1
ones	1
opportunity	2
opposite	1
organized	1
patriotic	1
place	1
plates	1
played	1
pressing	1
pretexts	1
print	1
prohibition	1
public	9
puzzling	1
quietly	2
really	2
replied	2
required	1
research	1
roots	1
said	130
see	19
seen	2
shoulders	1
shrieks	1
site	4
skurried	1
sleep	2
slipped	1
small	8
sneezing	2
soon	14
splashing	1
spread	3
suppose	2
sure	4
swimming	2
ten	5
than	9
these	8
those	9
thoughtfully	1
till	6
to	318
trees	3
trot	1
trying	3
turn	1
united	10
updated	1
user	2
various	2
venture	1
voices	2
water	1
way	17
while	5
within	5
yards	1
accustomed	1
added	6
already	2
any	48
appearance	1
archive	13
atheling	1
because	3
behind	2
calculated	1
canary	1
changed	2
charge	6
chin	3
claim	1
committed	1
cook	4
copied	2
countries	1
creatures	2
crowded	4
cunning	1
dark	3
day	3
dead	2
despair	1
disagree	1
distributing	6
drunk	1
ebook	9
electronic	27
energetic	1
entrance	1
excellent	1
exporting	1
extraordinary	1
eyes	7
fair	1
fancied	1
fighting	1
fine	1
fitness	1
flamingos	1
followed	5
formats	2
free	7
general	5
getting	6
glad	3
glass	5
gross	1
hate	1
hatter	6
him	3
holder	1
hope	4
house	6
howling	3
hurriedly	2
imagine	1
immense	1
impatiently	2
implied	1
important	4
include	1
instantly	2
international	1
interpreted	1
inwards	1
jury	2
kick	1
kill	1
leap	1
legally	1
lewis	3
limitation	3
looked	18
love	1
low	7
marked	7
maximum	1
methods	1
miles	1
minute	4
morsel	1
night	1
originator	1
pages	1
pair	4
pale	1
pattering	3
paw	1
paying	2
permanent	1
piece	4
play	6
plenty	1
poor	10
produced	3
proofread	1
quiver	1
rabbit	22
reason	2
recognized	1
references	2
registered	2
remembered	2
replace	1
representations	1
revenue	1
riddle	1
ridges	1
roof	2
sat	5
says	1
scrambling	1
sensation	1
shelves	1
shook	3
shutting	2
sizes	1
sleepy	2
smiled	1
sounds	2
specific	1
squeaking	1
stand	1
start	2
stopping	1
stretched	2
struck	2
stupidly	1
subject	2
sulky	1
swim	1
taking	2
talk	4
tarts	3
thing	12
tone	1
too	9
turned	7
underneath	1
understand	2
waited	3
warranties	3
web	6
wept	1
without	14
wretched	1
yet	1
about	40
addressed	1
adventures	3
advisable	1
along	4
always	2
asking	2
attempt	1
be	55
before	9
began	13
begun	1
bend	1
bill	1
bit	6
both	5
bowed	2
box	2
brass	1
by	47
cakes	2
cause	3
climb	1
coming	2
complaining	1
computer	2
concluded	1
considerable	2
consultation	1
conversation	1
cool	2
crash	1
cried	10
croqueting	1
damage	1
defective	2
demand	1
described	1
detach	1
different	2
difficulty	1
disclaimer	3
discontinue	1
distributor	1
dogs	1
doing	2
dripping	1
easily	2
explain	2
explanation	1
face	6
falling	1
fan	8
fancy	1
favored	1
federal	2
fees	2
fell	5
ferrets	1
fifth	1
flamingo	2
forget	1
forgot	2
foundation	14
freely	4
future	3
gave	5
generally	2
govern	1
granted	1
green	1
grunted	2
having	3
hearts	1
her	94
hiss	1
holding	2
honest	1
hypertext	1
inaccurate	1
includes	1
indeed	1
indemnify	1
inquisitively	1
itself	1
jason	2
keeping	3
key	5
larger	2
laws	7
led	4
less	1
liable	1
library	1
lit	1
livery	1
longer	1
lovely	2
makes	5
managed	2
milk	1
modified	1
moral	2
move	1
moved	1
much	12
nearer	1
newby	1
obtain	3
official	3
old	2
outside	4
part	4
passion	1
passionate	1
peeped	3
perhaps	1
physical	2
placed	1
possessed	1
possibility	1
possible	1
possibly	2
previous	1
producing	1
profits	1
promoting	2
proprietary	1
provision	1
reaching	2
redistribution	1
riddles	1
roared	1
secure	1
seemed	11
show	2
soldiers	3
solid	1
speed	1
sticks	1
surprise	1
thought	15
throughout	1
top	3
trademark	4
trotting	2
uncorked	1
unenforceability	1
unfolded	2
unlink	1
unrolled	1
up	39
upright	1
violent	1
visit	2
vulgar	1
walking	2
where	6
whether	4
whilst	1
words	3
you	141
